USE BUDT702_Project_0504_05;

DELETE FROM [DunkDiggers.GameReferee];
DELETE FROM [DunkDiggers.Result];
DELETE FROM [DunkDiggers.PlayerStats];
DELETE FROM [DunkDiggers.SeasonStats];
DELETE FROM [DunkDiggers.Staff];
DELETE FROM [DunkDiggers.Game];
DELETE FROM [DunkDiggers.Player];
DELETE FROM [DunkDiggers.Team];

ALTER TABLE [DunkDiggers.Player]
DROP CONSTRAINT IF EXISTS fk_Player_teamId;
-- INSERT QUERIES for DunkDiggers

INSERT INTO [DunkDiggers.Game] VALUES
	('G0001', '02/14/2024', '18:30:00', '12031', 'Xfinity Center'),
	('G0002', '02/17/2024', '15:30:00', '17950', 'Xfinity Center'),
	('G0003', '11/10/2023', '19:00:00', '0', 'Harrahs Cherokee Center'),
	('G0004', '11/12/2023', '12:30:00', '1507', 'Harrahs Cherokee Center'),
	('G0005', '11/17/2023', '20:30:00', '6501', 'Finneran Pavilion'),
	('G0006', '11/21/2023', '19:00:00', '13146', 'Xfinity Center'),
	('G0007', '11/25/2023', '19:00:00', '12358', 'Xfinity Center'),
	('G0008', '11/28/2023', '19:00:00', '10432', 'Xfinity Center'),
	('G0009', '12/01/2023', '19:00:00', '17222', 'Simon Skjodt Assembly Hall'),
	('G0010', '12/06/2023', '19:00:00', '15290', 'Xfinity Center')

INSERT INTO [DunkDiggers.GameReferee] VALUES
	('G0001', 'Doug Sirmons'),
	('G0002', 'Tim Comer'),
	('G0003', 'Steve McJunkins'),
	('G0004', 'Steve McJunkins'),
	('G0005', 'Keith Kimble'),
	('G0006', 'Tim Comer'),
	('G0007', 'Doug Simmons'),
	('G0008', 'Paul Szelc'),
	('G0009', 'Bret Smith'),
	('G0010', 'Kelly Pfeifer')

INSERT INTO [DunkDiggers.Result] VALUES
	('G0001', 'Iowa', '78', '66'),
	('G0002', 'Illonois', '80', '85'),
	('G0003', 'Davidson', '61', '64'),
	('G0004', 'UAB', '63', '66'),
	('G0005', 'Villanova', '40', '57'),
	('G0006', 'UMBC', '92', '68'),
	('G0007', 'South Alabama', '68', '55'),
	('G0008', 'Rider', '103', '76'),
	('G0009', 'Indiana', '53', '65'),
	('G0010', 'Penn State', '81', '75')

INSERT INTO [DunkDiggers.Player] VALUES
	('P0001', '1', 'Jahmir', 'Young', '6-1', '185', 'Fifth Year', 'Sociology', 'Upper Marlboro, MD', 'DeMatha Catholic', 'Charlotte', 'T01'),
	('P0002', '10', 'Julian', 'Reese', '6-9', '230', 'Junior', 'Human Development', 'Baltimore, MD', 'St. Frances Academy',	NULL, 'T01'),
	('P0003', '0', 'Jahnthan', 'Lamothe', '6-4', '192', 'Freshman', 'Letters & Sciences', 'Baltimore, MD', 'St. Frances Academy', NULL, 'T01'),
	('P0004', '2', 'Jahari', 'Long', '6-5', '200', 'Senior', 'Economics', 'Houston, TX', 'Episcopal', 'Seton Hall', 'T01'),
	('P0005', '4', 'Caelum', 'Swanton-Rodger', '6-11', '220', 'Sophomore', 'Letters & Sciences', 'Calgary, Alberta', 'Edge School', NULL, 'T01'),       
	('P0006', '5', 'DeShawn', 'Harris-Smith', '6-5', '215', 'Freshman', 'Letters & Sciences', 'Woodbridge, VA', 'Paul VI Catholic', NULL, 'T01'),
	('P0007', '11', 'Noah', 'Batchelor', '6-6', '185', 'Sophomore', 'Letters and Sciences', 'Frederick, MD', 'IMG Academy (Fla.)', NULL, 'T01'),
	('P0008', '12', 'Jamie Kaiser', 'Jr.', '6-6', '205', 'Freshman', 'Letters & Sciences', 'Burke, VA', 'IMG Academy (Fla.)', NULL, 'T01'),
	('P0009', '13', 'Mady', 'Traore', '6-11', '195', 'Sophomore', 'Letters & Sciences', 'Paris, France', 'Believe Prep', 'New Mexico State', 'T01'),  
	('P0010', '24', 'Donta', 'Scott', '6-8', '230', 'Fifth Year', 'Family Sciences', 'Philadelphia, PA', 'Imhotep Charter', NULL, 'T01')

INSERT INTO [DunkDiggers.PlayerStats] VALUES
	('PS0001', '38', '4', '12', '0', '2', '13', '13', '0', '3', '1', '2', '1', '0', '1', '21', 'P0001', 'G0001'),
	('PS0002', '38', '8', '23', '1', '4', '11', '11', '2', '7', '3', '6', '1', '0', '1', '28', 'P0001', 'G0002'),
	('PS0003', '35', '6', '15', '3', '6', '3', '3', '1', '1', '3', '7', '3', '1', '1', '18', 'P0001', 'G0003'),
	('PS0004', '37', '5', '13', '1', '4', '3', '4', '1', '5', '2', '6', '3', '0', '1', '14', 'P0001', 'G0004'),
	('PS0005', '28', '3', '10', '3', '7', '0', '0', '0', '2', '1', '2', '4', '1', '2', '9', 'P0001', 'G0005'),
	('PS0006', '29', '5', '13', '1', '3', '9', '11', '1', '2', '1', '2', '4', '0', '4', '20', 'P0001', 'G0006'),
	('PS0007', '38', '7', '10', '0', '0', '2', '6', '4', '9', '2', '2', '1', '1', '1', '16', 'P0002', 'G0001'),
	('PS0008', '38', '6', '8', '0', '0', '6', '7', '1', '10', '4', '1', '2', '0', '0', '18', 'P0002', 'G0002'),
	('PS0009', '35', '7', '12', '0', '0', '2', '5', '5', '6', '2', '1', '2', '2', '0', '16', 'P0002', 'G0003'),
	('PS0010', '28', '1', '4', '0', '0', '3', '4', '1', '3', '5', '0', '2', '2', '0', '5', 'P0002', 'G0004'),
	('PS0011', '30', '2', '8', '0', '0', '6', '8', '2', '4', '3', '1', '2', '2', '2', '10', 'P0002', 'G0005'),
	('PS0012', '26', '5', '10', '0', '0', '5', '8', '4', '9', '2', '1', '1', '2', '1', '15', 'P0002', 'G0006'),
	('PS0013', '33', '4', '8', '1', '4', '2', '2', '2', '4', '1', '1', '2', '0', '1', '11', 'P0003', 'G0001'),
	('PS0014', '34', '5', '11', '1', '5', '6', '7', '2', '3', '3', '0', '1', '2', '0', '17', 'P0003', 'G0002'),
	('PS0015', '27', '1', '5', '0', '2', '2', '2', '3', '3', '4', '2', '1', '0', '0', '4', 'P0003', 'G0003'),
	('PS0016', '26', '5', '10', '2', '4', '1', '2', '1', '6', '2', '1', '1', '0', '2', '13', 'P0003', 'G0004'),
	('PS0017', '27', '2', '5', '2', '5', '1', '2', '0', '1', '1', '1', '1', '0', '1', '7', 'P0003', 'G0005'),
	('PS0018', '21', '6', '11', '2', '5', '0', '0', '3', '0', '0', '0', '0', '0', '1', '14', 'P0003', 'G0006')
	('PS0019', '25', '2', '4', '2', '2', '0', '0', '0', '0', '1', '3', '3', '0', '0', '6', 'P0004', 'G0001'),
	('PS0020', '3', '0', '0', '0', '0', '0', '0', '0', '0', '0', '1', '1', '0', '0', '0', 'P0004', 'G0002'),
	('PS0021', '29', '1', '4', '0', '1', '3', '3', '1', '0', '2', '1', '2', '0', '3', '5', 'P0004', 'G0003'),
	('PS0022', '17', '2', '6', '1', '5', '0', '0', '0', '2', '2', '1', '2', '0', '0', '5', 'P0004', 'G0004'),
	('PS0023', '19', '1', '2', '0', '1', '2', '2', '1', '0', '3', '3', '0', '0', '1', '4', 'P0004', 'G0005'),
	('PS0024', '17', '1', '2', '0', '1', '2', '2', '0', '1', '1', '0', '1', '0', '0', '4', 'P0004', 'G0006'),
	('PS0025', '25', '2', '4', '0', '0', '2', '2', '0', '2', '4', '0', '0', '0', '0', '6', 'P0006', 'G0001'),
	('PS0026', '28', '2', '6', '1', '5', '0', '2', '3', '5', '4', '2', '2', '1', '0', '5', 'P0006', 'G0002'),
	('PS0027', '26', '2', '9', '0', '3', '4', '4', '2', '3', '4', '1', '2', '0', '2', '8', 'P0006', 'G0003'),
	('PS0028', '28', '4', '12', '1', '4', '4', '4', '5', '1', '3', '2', '3', '0', '1', '13', 'P0006', 'G0004'),
	('PS0029', '30', '1', '6', '0', '1', '0', '2', '0', '2', '0', '2', '0', '1', '1', '2', 'P0006', 'G0005'),
	('PS0030', '29', '5', '9', '0', '3', '2', '8', '2', '6', '2', '2', '3', '0', '1', '12', 'P0006', 'G0006'),
	('PS0031', '4', '0', '1', '0', '1', '0', '0', '0', '0', '0', '0', '0', '0', '0', '0', 'P0007', 'G0001'),
	('PS0032', '7', '1', '1', '1', '1', '0', '0', '0', '0', '1', '0', '0', '0', '0', '3', 'P0007', 'G0002'),
	('PS0033', '20', '2', '7', '2', '7', '0', '0', '0', '3', '3', '0', '0', '0', '0', '6', 'P0007', 'G0003'),
	('PS0034', '11', '0', '2', '0', '2', '0', '0', '0', '1', '0', '0', '3', '0', '0', '0', 'P0007', 'G0004'),
	('PS0035', '12', '1', '2', '0', '1', '2', '2', '0', '0', '0', '0', '1', '0', '0', '4', 'P0007', 'G0005'),
	('PS0036', '6', '1', '2', '1', '2', '0', '0', '0', '0', '1', '0', '1', '0', '0', '3', 'P0007', 'G0006')

INSERT INTO [DunkDiggers.SeasonStats] VALUES
	('P0001', '2023-24', '29', '1037', '183', '453', '54', '160', '187', '206', '31', '109', '38', '122', '80', '9', '36', '607'),
	('P0002', '2023-24', '30', '963', '149', '275', '0', '0', '119', '210', '96', '196', '89', '36', '72', '56', '31', '417'),
	('P0003', '2023-24', '13', '93', '4', '13', '2', '9', '2', '4', '2', '8', '9', '4', '7', '2', '4', '12'),
	('P0004', '2023-24', '28', '517', '44', '105', '20', '58', '22', '29', '8', '22', '54', '40', '26', '4', '18', '130'),
	('P0005', '2023-24', '28', '163', '16', '25', '0', '0', '6', '16', '20', '23', '44', '2', '8', '12', '3', '38'),
	('P0006', '2023-24', '30', '881', '77', '209', '13', '79', '45', '74', '34', '95', '79', '62', '53', '4', '29', '212'),
	('P0007', '2023-24', '23', '157', '10', '32', '9', '29', '5', '5', '1', '5', '12', '0', '7', '1', '0', '34'),
	('P0008', '2023-24', '30', '569', '34', '137', '25', '101', '24', '31', '25', '38', '54', '7', '15', '2', '26', '117'),
	('P0009', '2023-24', '10', '91', '7', '19', '0', '4', '0', '0', '6', '6', '10', '1', '2', '2', '1', '14'),
	('P0010', '2023-24', '30', '926', '116', '285', '50', '148', '60', '76', '38', '107', '59', '33', '35', '15', '20', '342')

INSERT INTO [DunkDiggers.Team] VALUES
	('T01', 'Mens Basketball Team'),
	('T02', 'Womens Basketball Team')

INSERT INTO [DunkDiggers.Staff] VALUES
	('S0001', 'Kevin', 'Willard', 'Coach', 'T01'),
	('S0002', 'David', 'Cox', 'Associate Head Coach', 'T01')

	-- ALTER ADD CONSTRAINT QUERY

ALTER TABLE [DunkDiggers.Player] 
	ADD CONSTRAINT fk_Player_teamId FOREIGN KEY (teamId)
	REFERENCES [DunkDiggers.Team] (teamId)
	ON DELETE NO ACTION ON UPDATE CASCADE;
